Street,HouseNumber,Locality,Region,Province,PostalCode,Country,Latitude,Longitude
Calle Iglesia,5,Santa María de la Alameda,Madrid,Comunidad de Madrid,28296,España,40.5964842,-4.2575959
Plaza de la Estación,2,Tres Cantos,Madrid,Comunidad de Madrid,28760,España,40.5992948,-3.7156154
Calle de Goya,70,Madrid,Madrid,Comunidad de Madrid,28009,España,40.424692,-3.6766315
Avenida de Castilla,2,Colmenar de Oreja,Madrid,Comunidad de Madrid,28380,España,40.0776823,-3.48686
Calle de la Villa,7,Talamanca de Jarama,Madrid,Comunidad de Madrid,28160,España,40.7443775,-3.5122045
Avenida de los Labradores,9-11,Tres Cantos,Madrid,Comunidad de Madrid,28760,España,40.599571,-3.709401
Calle de Santa Bárbara,2,Torrelaguna,Madrid,Comunidad de Madrid,28180,España,40.8276555,-3.5397946
Calle de Cuchilleros,17,Madrid,Madrid,Comunidad de Madrid,28005,España,40.4141769,-3.7079547
Calle Malacuera,2,Torrelaguna,Madrid,Comunidad de Madrid,28180,España,40.8264808,-3.5384511
Calle Ronda de la Sangre,22,Cadalso de los Vidrios,Madrid,Comunidad de Madrid,28640,España,40.3010559,-4.4390716
Gran Vía,7,Madrid,Madrid,Comunidad de Madrid,28013,España,40.4193824,-3.6987431
Calle Real,5,Colmenar del Arroyo,Madrid,Comunidad de Madrid,28213,España,40.4189295,-4.1984633
Calle del Palacio,1,Nuevo Baztán,Madrid,Comunidad de Madrid,28514,España,40.365159,-3.2429536
Calle Tejar,2,Las Herreras,Madrid,Comunidad de Madrid,28296,España,40.6189939,-4.2768651
Plaza de la Corredera,27,Cadalso de los Vidrios,Madrid,Comunidad de Madrid,28640,España,40.301438,-4.4398065
Avenida de Europa,11,Pozuelo de Alarcón,Madrid,Comunidad de Madrid,28224,España,40.4379836,-3.7945177
Calle del Maestro Arbós,3,Legazpi,Madrid,Comunidad de Madrid,28045,España,40.390439,-3.6947744
Avenida del Puente Cultural,1,San Sebastián de los Reyes,Madrid,Comunidad de Madrid,28702,España,40.5709568,-3.6072476
N-III,35,Perales de Tajuña,Madrid,Comunidad de Madrid,28540,España,40.2359233,-3.3501345
Paraje las Quintas,2,El Vellón,Madrid,Comunidad de Madrid,28722,España,40.7769318,-3.5782051
Vía de las Dos Castillas,33,Pozuelo de Alarcón,Madrid,Comunidad de Madrid,28224,España,40.440227,-3.786281
Calle de Velázquez,18,Madrid,Madrid,Comunidad de Madrid,28001,España,40.4233521,-3.6839974
Calle Camino del Cura,233,Alcobendas,Madrid,Comunidad de Madrid,28109,España,40.508017,-3.637713
Calle de Botoneras,6,Madrid,Madrid,Comunidad de Madrid,28012,España,40.4149117,-3.7068219
Avenida de Viñuelas,17,Tres Cantos,Madrid,Comunidad de Madrid,28760,España,40.5962312,-3.705407
Carretera de Toledo,7,San Martín de Valdeiglesias,Madrid,Comunidad de Madrid,28680,España,40.3591686,-4.4065436
Calle de Ciudad de México,2,Tres Cantos,Madrid,Comunidad de Madrid,28760,España,40.5965138,-3.7047901
Avenida de Rafael Nadal,3,Alcobendas,Madrid,Comunidad de Madrid,28108,España,40.5380404,-3.6232444
Plaza de la Iglesia,7,Nuevo Baztán,Madrid,Comunidad de Madrid,28514,España,40.3655456,-3.2432249
M-103,22,Talamanca de Jarama,Madrid,Comunidad de Madrid,28160,España,40.7233763,-3.5132866
Calle Rey Juan Carlos I,29,Santa María de la Alameda,Madrid,Comunidad de Madrid,28296,España,40.5971907,-4.2593597
Avenida de América,41,Madrid,Madrid,Comunidad de Madrid,28002,España,40.4406864,-3.6701104
Plaza de Calvo Sotelo,2,Navas del Rey,Madrid,Comunidad de Madrid,28695,España,40.3849336,-4.2512281
Plaza Central,4,Tres Cantos,Madrid,Comunidad de Madrid,28760,España,40.5996384,-3.712713
Calle de Federico Mayo,4,San Martín de Valdeiglesias,Madrid,Comunidad de Madrid,28680,España,40.3617001,-4.4033175
Avenida del Juncal,22-24,San Sebastián de los Reyes,Madrid,Comunidad de Madrid,28703,España,40.5398605,-3.6116311
Calle del Arroyo del Monte,5,Madrid,Madrid,Comunidad de Madrid,28035,España,40.4856152,-3.7372533
Calle de la Salud,13,Madrid,Madrid,Comunidad de Madrid,28013,España,40.4192816,-3.7034366
Avenida Madrid,42,San Martín de Valdeiglesias,Madrid,Comunidad de Madrid,28680,España,40.3585778,-4.3926236
Calle de Blanca de Castilla,5,Madrid,Madrid,Comunidad de Madrid,28023,España,40.4655164,-3.7836482
Avenida de los Labradores,1,Tres Cantos,Madrid,Comunidad de Madrid,28760,España,40.5986073,-3.7151007
Calle de Nuestra Señora de Valverde,193,Madrid,Madrid,Comunidad de Madrid,28034,España,40.5051748,-3.6856351
Calle de la Soledad,7,Talamanca de Jarama,Madrid,Comunidad de Madrid,28160,España,40.752507,-3.52206
Calle de Blanca de Castilla,11,Madrid,Madrid,Comunidad de Madrid,28023,España,40.4659344,-3.7834491
Camino de la Zarzuela,1,Madrid,Madrid,Comunidad de Madrid,28023,España,40.4642397,-3.7846005
Avenida Luxemburgo,36,Nuevo Baztán,Madrid,Comunidad de Madrid,28514,España,40.355317,-3.266652
Calle de Hermosilla,103,Madrid,Madrid,Comunidad de Madrid,28009,España,40.4259046,-3.6736678
Calle de Arturo Soria,126,Madrid,Madrid,Comunidad de Madrid,28043,España,40.4497448,-3.6511624
Calle del Monasterio de El Paular,2,Madrid,Madrid,Comunidad de Madrid,28049,España,40.4996145,-3.7133467
Calle Mayor Baja,51,Perales de Tajuña,Madrid,Comunidad de Madrid,28540,España,40.2314902,-3.3505828
Carretera de Gargantilla,23,Pinilla de Buitrago,Madrid,Comunidad de Madrid,28739,España,40.9805641,-3.693187
Avenida de Somosierra,18,San Sebastián de los Reyes,Madrid,Comunidad de Madrid,28703,España,40.5542247,-3.6160007
Avenida Luxemburgo,34,EUROVILLAS,Madrid,Comunidad de Madrid,28514,España,40.3555325,-3.2668102
Camino de la Zarzuela,23,Madrid,Madrid,Comunidad de Madrid,28023,España,40.4649523,-3.7864231
Camino de la Zarzuela,15,Madrid,Madrid,Comunidad de Madrid,28023,España,40.464892,-3.785834
Plaza de la Encina,10,Tres Cantos,Madrid,Comunidad de Madrid,28760,España,40.5947666,-3.7090388
Paseo de la Estación,2,Tielmes,Madrid,Comunidad de Madrid,28550,España,40.2456555,-3.313535
Avenida del Cerro del Águila,23,San Sebastián de los Reyes,Madrid,Comunidad de Madrid,28703,España,40.5472607,-3.6111118
Calle de José Ortega y Gasset,67,Madrid,Madrid,Comunidad de Madrid,28006,España,40.4299719,-3.6739552
Plaza de la Corredera,25,San Martín de Valdeiglesias,Madrid,Comunidad de Madrid,28680,España,40.3616773,-4.3999507
Carretera de Húmera,96,Pozuelo de Alarcón,Madrid,Comunidad de Madrid,28224,España,40.4316994,-3.7955784
Avenida de la Hispanidad,12,Madrid,Madrid,Comunidad de Madrid,28042,España,40.4902843,-3.5915691
Calle Uceda,24,Talamanca de Jarama,Madrid,Comunidad de Madrid,28160,España,40.7460294,-3.512628
Calle General Martinez Benito,14,San Martín de Valdeiglesias,Madrid,Comunidad de Madrid,28680,España,40.3617228,-4.3962626
Avenida de la Cabrera,87,La Cabrera,Madrid,Comunidad de Madrid,28751,España,40.8756689,-3.6035123
Avenida del Monasterio de El Escorial,10,Madrid,Madrid,Comunidad de Madrid,28049,España,40.5043889,-3.7086404
Calle del Doctor Félix Rodríguez de la Fuente,37,San Martín de Valdeiglesias,Madrid,Comunidad de Madrid,28680,España,40.3630638,-4.403352
Avenida Olímpica,9,Alcobendas,Madrid,Comunidad de Madrid,28108,España,40.5349368,-3.6366807
Calle de San Francisco,6,Torrelaguna,Madrid,Comunidad de Madrid,28180,España,40.8258942,-3.5389823
Calle de Bernaldo de Quirós,5,Torrelaguna,Madrid,Comunidad de Madrid,28180,España,40.8276794,-3.535522
Calle de José Ortega y Gasset,100,Madrid,Madrid,Comunidad de Madrid,28006,España,40.429532,-3.6708832
Via Olímpica,6,Navas del Rey,Madrid,Comunidad de Madrid,28695,España,40.3883215,-4.2502594
Calle del Arte,14,Madrid,Madrid,Comunidad de Madrid,28033,España,40.48294,-3.6708937
Calle de Joaquín Lorenzo,68,Madrid,Madrid,Comunidad de Madrid,28035,España,40.4750219,-3.7315077
Camino de la Zarzuela,21,Madrid,Madrid,Comunidad de Madrid,28023,España,40.4650521,-3.7865321
Calle Galileo Galilei,18,Alcalá de Henares,Madrid,Comunidad de Madrid,28806,España,40.4860015,-3.4011242
Calle de San Francisco,13,Torrelaguna,Madrid,Comunidad de Madrid,28180,España,40.8255122,-3.539408
Avenida de los Encuartes,17,Tres Cantos,Madrid,Comunidad de Madrid,28760,España,40.6017816,-3.7140282
Calle de la Vega,17,Tielmes,Madrid,Comunidad de Madrid,28550,España,40.24483,-3.3144661
Los Huertos,1,Chinchón,Madrid,Comunidad de Madrid,28370,España,40.1395675,-3.4235022
estación,10,Santa María de la Alameda,Madrid,Comunidad de Madrid,28296,España,40.5675699,-4.2683856
Calle de la Estafeta,1,Alcobendas,Madrid,Comunidad de Madrid,28109,España,40.5148361,-3.6514933
Avenida Luxemburgo,18,Nuevo Baztán,Madrid,Comunidad de Madrid,28514,España,40.3544779,-3.2644975
Plaza de Calvo Sotelo,12,Navas del Rey,Madrid,Comunidad de Madrid,28695,España,40.3847328,-4.2510145
Avenida de Juan Antonio Samaranch,67,Madrid,Madrid,Comunidad de Madrid,28055,España,40.4909832,-3.6109063
Avenida San Martín de Valdeiglesias,20,Alcorcón,Madrid,Comunidad de Madrid,28922,España,40.3578999,-3.8314286
Sector Oficios,29,Tres Cantos,Madrid,Comunidad de Madrid,28760,España,40.6056189,-3.7151347
Calle de Ramón Gómez de la Serna,4,Madrid,Madrid,Comunidad de Madrid,28035,España,40.4810314,-3.7233606
Calle de Dulce Chacón,15,Madrid,Madrid,Comunidad de Madrid,28050,España,40.484733,-3.6661281
Plaza Santiago,9,Santa María de la Alameda,Madrid,Comunidad de Madrid,28296,España,40.5692497,-4.2696355
Carretera de Fuencarral,1,Alcobendas,Madrid,Comunidad de Madrid,28108,España,40.5322907,-3.6442131
Calle del Mediodía,3,Torrejón de Velasco,Madrid,Comunidad de Madrid,28990,España,40.1873805,-3.7753152
Camino de la Zarzuela,11,Madrid,Madrid,Comunidad de Madrid,28023,España,40.4647194,-3.7855522
Carretera del Pantano,3,San Martín de Valdeiglesias,Madrid,Comunidad de Madrid,28680,España,40.3752047,-4.3227563
Plaza San Anacleto,1,Madrid,Madrid,Comunidad de Madrid,28023,España,40.4580263,-3.782582
Carretera de Ávila,4,San Martín de Valdeiglesias,Madrid,Comunidad de Madrid,28680,España,40.3611018,-4.4030717
Calle del Pez,36,Madrid,Madrid,Comunidad de Madrid,28004,España,40.4242754,-3.7065235
Calle Doctor Fleming,44,Rozas de Puerto Real,Madrid,Comunidad de Madrid,28649,España,40.3087833,-4.4863513
Avenida de Pablo Neruda,91,Madrid,Madrid,Comunidad de Madrid,28018,España,40.380979,-3.663015
Calle de la Isla de Java,2,Madrid,Madrid,Comunidad de Madrid,28034,España,40.4862166,-3.6777766